"wn","VIP","PC1","PC2","PLS_p1","PLS_p2"
150.004,0.483729,-0.019244,0.015292,0.019254,0.003765
153.01,0.268728,-0.010706,0.014287,0.010711,0.001085
156.013,0.076012,-0.003019,0.008968,0.003023,0.003761
159.014,0.07904,0.003134,-0.001553,-0.003123,0.012855
162.014,0.145871,0.005715,-0.0124,-0.005698,0.018754
165.012,0.060458,0.002302,-0.019946,-0.00228,0.022059
168.009,0.159514,-0.006314,-0.009731,0.00633,0.013661
171.003,0.375726,-0.014864,0.011304,0.014864,-0.005015
173.996,0.483281,-0.019222,0.026027,0.019207,-0.021626
176.987,0.551802,-0.022014,0.037312,0.021989,-0.032607
179.976,0.577685,-0.023031,0.047117,0.022996,-0.042527
182.964,0.526492,-0.020782,0.051673,0.02074,-0.048918
185.95,0.41803,-0.016294,0.050233,0.016254,-0.045226
188.934,0.28482,-0.010819,0.057072,0.010773,-0.049057
191.916,0.177149,-0.005862,0.076087,0.005795,-0.068508
194.897,0.078859,-0.001731,0.085451,0.001656,-0.07512
197.876,0.096603,0.002972,0.087882,-0.003053,-0.079074
200.853,0.163976,0.004974,0.087883,-0.005063,-0.086762
203.828,0.193719,0.004576,0.082989,-0.00467,-0.091853
206.802,0.248908,0.005647,0.075348,-0.005743,-0.093903
209.774,0.250375,0.006193,0.059279,-0.006275,-0.079737
212.744,0.268531,0.006166,0.056464,-0.006248,-0.079998
215.713,0.309988,0.006185,0.071251,-0.006283,-0.095904
218.679,0.303881,0.004718,0.081965,-0.004824,-0.104599
221.644,0.302648,0.002849,0.083957,-0.002963,-0.113107
224.607,0.274074,0.00205,0.084095,-0.002165,-0.114448
227.569,0.260073,0.00283,0.083411,-0.002945,-0.113505
230.529,0.288706,0.005422,0.076985,-0.005535,-0.111236
233.487,0.319836,0.009129,0.067059,-0.009231,-0.098843
236.443,0.43517,0.014617,0.071554,-0.014718,-0.095714
239.398,0.511969,0.017261,0.083692,-0.017369,-0.1025
242.351,0.507876,0.016603,0.08658,-0.016714,-0.104742
245.302,0.519372,0.017695,0.079859,-0.017794,-0.093135
248.251,0.561022,0.020564,0.072059,-0.020647,-0.076225
251.199,0.655964,0.024158,0.071777,-0.024245,-0.077917
254.145,0.727659,0.026129,0.075419,-0.026226,-0.08865
257.089,0.81669,0.029543,0.081309,-0.029648,-0.094371
260.031,0.992208,0.03637,0.088664,-0.036484,-0.10138
262.972,1.144395,0.042576,0.082709,-0.042686,-0.095592
265.911,1.389021,0.053273,0.05911,-0.053355,-0.0638
268.849,1.875927,0.073266,0.030945,-0.073314,-0.023535
271.784,2.532365,0.099823,-0.00315,-0.099834,0.021996
274.718,3.357761,0.132705,-0.028082,-0.132692,0.057745
277.65,4.215281,0.166436,-0.042825,-0.166412,0.079038
280.581,4.88046,0.192631,-0.061241,-0.192594,0.101292
283.51,5.249201,0.207199,-0.067835,-0.207158,0.109962
286.437,5.199799,0.205104,-0.063423,-0.205067,0.104435
289.362,4.720434,0.186106,-0.056996,-0.186071,0.096841
292.285,3.929919,0.154655,-0.035371,-0.154638,0.068273
295.207,2.993206,0.117509,-0.009426,-0.117515,0.032792
298.128,2.13346,0.083701,0.016639,-0.083725,0.003904
301.046,1.45803,0.056884,0.041129,-0.056925,-0.022475
303.963,0.911161,0.035173,0.050067,-0.035222,-0.037717
306.878,0.522031,0.019757,0.056104,-0.019814,-0.049997
309.791,0.287965,0.010315,0.044239,-0.010362,-0.043908
312.703,0.109472,0.003281,0.025737,-0.003312,-0.02977
315.613,0.07511,-0.002926,0.015453,0.002905,-0.021024
318.521,0.208217,-0.008209,0.001625,0.008202,-0.009476
321.427,0.278653,-0.010582,-0.00557,0.010584,-0.001912
324.332,0.289812,-0.011142,0.002703,0.011136,-0.008737
327.235,0.286359,-0.011397,0.015804,0.011374,-0.026237
330.137,0.254075,-0.009963,0.017571,0.00993,-0.036073
333.036,0.245785,-0.009172,0.00644,0.009143,-0.032207
335.934,0.292786,-0.011494,0.008671,0.011464,-0.033557
338.831,0.35689,-0.014174,0.012968,0.014153,-0.025554
341.725,0.390137,-0.014912,0.009862,0.014904,-0.012629
344.618,0.33232,-0.012511,0.009728,0.012506,-0.009102
347.509,0.238002,-0.009136,0.016303,0.009128,-0.010861
350.399,0.113761,-0.004541,0.024085,0.004524,-0.018864
353.287,0.108153,0.00078,0.017702,-0.000803,-0.022421
356.173,0.197935,0.002669,0.019567,-0.002702,-0.032924
359.057,0.225933,0.002562,0.033383,-0.002609,-0.0468
361.94,0.231192,0.003428,0.042663,-0.003482,-0.053581
364.821,0.28849,0.005958,0.053672,-0.006027,-0.066994
367.7,0.365595,0.008034,0.059331,-0.008113,-0.077043
370.578,0.375066,0.008483,0.061861,-0.008565,-0.078864
373.454,0.343176,0.008206,0.065239,-0.00829,-0.080781
376.328,0.320348,0.007442,0.06071,-0.007524,-0.079291
379.2,0.31216,0.007047,0.055945,-0.007127,-0.077662
382.071,0.326745,0.008886,0.056183,-0.008966,-0.077265
384.941,0.349202,0.010678,0.059153,-0.010761,-0.078639
387.808,0.343197,0.010698,0.05391,-0.010778,-0.07578
390.674,0.279158,0.008597,0.033766,-0.008658,-0.057665
393.538,0.083603,0.001665,0.007635,-0.001692,-0.026097
396.4,0.231282,-0.00901,-0.011646,0.009014,0.000631
399.261,0.581843,-0.022285,-0.032062,0.022318,0.025525
402.12,1.038713,-0.039851,-0.059905,0.039916,0.051449
404.978,1.632215,-0.062673,-0.081892,0.062768,0.073054
407.833,2.437926,-0.093848,-0.095701,0.093969,0.089435
410.687,3.416774,-0.131349,-0.124577,0.131511,0.118787
413.54,4.413513,-0.168996,-0.16956,0.169219,0.166478
416.391,5.244395,-0.199921,-0.221179,0.200207,0.219495
419.24,5.574152,-0.211531,-0.248118,0.211848,0.247844
422.087,5.309596,-0.200617,-0.245165,0.200933,0.249348
424.933,4.528021,-0.170515,-0.221283,0.170796,0.224662
427.776,3.340743,-0.125542,-0.167073,0.125754,0.171028
430.619,2.053826,-0.077259,-0.093345,0.077383,0.098884
433.459,0.992206,-0.037441,-0.030319,0.03749,0.036487
436.298,0.342976,-0.012796,0.004331,0.012807,0.006495
439.136,0.031195,-0.001004,0.012829,0.001,-0.00443
441.971,0.136939,0.00544,0.007602,-0.005445,-0.00278
444.805,0.178695,0.007112,0.001081,-0.007113,0.001658
447.638,0.143905,0.005728,0.005374,-0.005735,-0.005778
450.468,0.200725,0.00754,0.019355,-0.007563,-0.020282
453.297,0.314629,0.011376,0.032803,-0.011415,-0.034988
456.124,0.338958,0.012023,0.041323,-0.012067,-0.040639
458.95,0.272198,0.009079,0.04341,-0.009118,-0.036159
461.774,0.233448,0.007308,0.032604,-0.007334,-0.024073
464.596,0.295523,0.010097,0.018782,-0.010112,-0.012677
467.417,0.320577,0.011549,0.013532,-0.011562,-0.009464
470.236,0.296506,0.010122,0.022076,-0.010144,-0.019729
473.053,0.334319,0.01045,0.031069,-0.010487,-0.033657
475.869,0.379043,0.01207,0.033489,-0.012115,-0.040627
478.683,0.336558,0.010235,0.035977,-0.010281,-0.04278
481.495,0.196284,0.004328,0.038573,-0.004368,-0.03915
484.306,0.093303,-0.001668,0.03753,0.001638,-0.030494
487.115,0.168618,-0.006743,0.041568,0.006718,-0.026137
489.922,0.341475,-0.012698,0.04248,0.012685,-0.015967
492.728,0.47028,-0.016862,0.040114,0.016858,-0.008077
495.532,0.471821,-0.016654,0.03054,0.016658,-0.001118
498.334,0.369926,-0.01226,0.016895,0.012269,0.005601
501.135,0.212004,-0.007141,0.014041,0.007141,-0.00212
503.934,0.087139,-0.003248,0.014885,0.003239,-0.009377
506.732,0.050586,-0.000647,0.021026,0.000624,-0.023053
509.527,0.15328,0.001478,0.036593,-0.001524,-0.045569
512.321,0.207708,0.003139,0.041005,-0.003192,-0.052384
515.114,0.214943,0.003596,0.034672,-0.003643,-0.046924
517.905,0.212951,0.004044,0.032949,-0.004088,-0.042637
520.694,0.184746,0.003203,0.029548,-0.003242,-0.038355
523.482,0.144544,0.000405,0.018905,-0.000434,-0.028886
526.267,0.124277,-0.004613,0.003062,0.004607,-0.008015
529.052,0.316347,-0.012263,-0.010554,0.012275,0.007287
531.834,0.521418,-0.020204,-0.0167,0.020223,0.01263
534.615,0.670809,-0.025658,-0.028809,0.025695,0.028046
537.395,0.723922,-0.027243,-0.033922,0.027288,0.036201
540.172,0.5932,-0.02243,-0.021718,0.022462,0.024249
542.948,0.432998,-0.016296,-0.012698,0.016317,0.015378
545.723,0.267176,-0.009914,-0.00206,0.009921,0.004399
548.496,0.071079,-0.002706,0.011648,0.002694,-0.01336
551.267,0.098508,0.002918,0.016666,-0.002946,-0.027364
554.036,0.183389,0.005185,0.01106,-0.005213,-0.026206
556.804,0.144536,0.003562,0.000614,-0.003575,-0.012164
559.57,0.086687,0.002296,-0.006166,-0.002298,-0.001897
562.335,0.067593,0.00238,-0.010772,-0.002375,0.005107
565.098,0.055724,0.001669,-0.01868,-0.00165,0.019506
567.859,0.09487,0.001871,-0.01873,-0.001847,0.024661
570.619,0.095457,0.002786,-0.012992,-0.002769,0.017506
573.377,0.095438,0.003739,-0.008588,-0.003732,0.008574
576.133,0.098037,0.003603,-0.004165,-0.003606,-0.001376
578.888,0.072602,0.001305,-0.00083,-0.001313,-0.007585
581.641,0.082219,0.000971,0.011045,-0.00099,-0.018817
584.393,0.089998,0.001094,0.028995,-0.001128,-0.033867
587.143,0.0885,0.000881,0.034628,-0.000918,-0.036207
589.891,0.091757,0.001109,0.030274,-0.001138,-0.029307
592.638,0.060104,0.000178,0.021432,-0.000194,-0.01615
595.383,0.046171,-0.001345,0.009535,0.001342,-0.003466
598.126,0.057788,-0.001757,0.001538,0.001755,-0.002018
600.868,0.046288,-0.001053,-0.003603,0.001053,0.000383
603.608,0.047588,0.000231,0.003637,-0.000235,-0.003769
606.347,0.066858,0.000491,0.018288,-0.000507,-0.015781
609.084,0.08769,-0.001327,0.027854,0.001302,-0.025098
611.819,0.142476,-0.004958,0.030914,0.004933,-0.026478
614.553,0.236377,-0.009427,0.022959,0.009419,-0.010759
617.285,0.348512,-0.013611,0.012879,0.013616,0.001053
620.015,0.357476,-0.013668,0.008407,0.013676,0.003209
622.744,0.313383,-0.010598,0.001912,0.010613,0.012104
625.471,0.269828,-0.007389,0.000428,0.007405,0.013184
628.197,0.211437,-0.005503,0.00473,0.005508,0.003382
630.921,0.232065,-0.00677,0.002211,0.006775,0.003141
633.644,0.354628,-0.012051,-0.002373,0.01206,0.00602
636.364,0.562739,-0.02065,-0.011422,0.020671,0.014117
639.084,0.79643,-0.030024,-0.025035,0.030059,0.02505
641.801,0.97023,-0.037096,-0.03089,0.037134,0.025618
644.517,1.073706,-0.041232,-0.035248,0.041271,0.025711
647.231,1.040636,-0.040343,-0.034628,0.040376,0.019092
649.944,0.848618,-0.033486,-0.025665,0.033501,0.003328
652.655,0.625527,-0.024807,-0.022206,0.024819,0.003551
655.365,0.40197,-0.016,-0.014292,0.016009,0.003111
658.073,0.212275,-0.008406,-0.00592,0.008413,0.003421
660.779,0.122902,-0.004883,-0.001355,0.004894,0.008828
663.484,0.234066,-0.009015,0.00731,0.009024,0.005729
666.187,0.416688,-0.016197,0.016297,0.016202,-0.000269
668.888,0.553087,-0.021547,0.024096,0.021548,-0.005333
671.588,0.623501,-0.024227,0.030183,0.024226,-0.008725
674.287,0.627488,-0.024319,0.036522,0.024314,-0.012903
676.983,0.521952,-0.020402,0.042349,0.020389,-0.019979
679.679,0.451459,-0.017825,0.037375,0.017809,-0.021088
682.372,0.512787,-0.020223,0.01776,0.020216,-0.013361
685.064,0.739055,-0.02899,-0.011811,0.029003,0.002699
687.754,1.069466,-0.041791,-0.037968,0.041823,0.018044
690.443,1.360997,-0.05259,-0.058775,0.052645,0.036812
693.13,1.519447,-0.05753,-0.076331,0.057612,0.062643
695.816,1.411633,-0.052367,-0.072833,0.052453,0.0688
698.5,1.075056,-0.038471,-0.056623,0.038545,0.062185
701.182,0.656632,-0.020787,-0.04605,0.020854,0.059939
703.863,0.267328,-0.00061,-0.040078,0.000667,0.057954
706.542,0.502677,0.01961,-0.032197,-0.019564,0.053005
709.22,0.847215,0.033776,-0.021721,-0.033747,0.04046
711.896,1.050827,0.041609,-0.016922,-0.041593,0.030414
714.57,1.122544,0.044411,-0.015774,-0.044395,0.030523
717.243,1.077661,0.042518,-0.005592,-0.042514,0.018854
719.914,0.890152,0.03502,0.005001,-0.035029,0.002611
722.584,0.651512,0.025593,0.008633,-0.02561,-0.008755
725.252,0.419464,0.01638,0.013378,-0.016404,-0.018208
727.919,0.253978,0.009709,0.021455,-0.009739,-0.025635
730.584,0.131687,0.003912,0.025353,-0.003948,-0.034798
733.247,0.089143,-0.00128,0.022649,0.001247,-0.033404
735.909,0.104557,-0.002656,0.024008,0.002626,-0.030856
738.569,0.108408,-0.001914,0.03109,0.001879,-0.035876
741.227,0.095106,1.9e-05,0.035363,-5.6e-05,-0.036879
743.884,0.101337,0.002147,0.034208,-0.002184,-0.036431
746.54,0.09781,0.003112,0.03188,-0.003146,-0.032437
749.194,0.018093,0.000701,0.022149,-0.000721,-0.019273
751.846,0.11315,-0.003339,0.009679,0.003335,-0.005315
754.497,0.195119,-0.006066,0.004069,0.006072,0.004226
757.146,0.252724,-0.009285,0.004628,0.00929,0.002695
759.794,0.278905,-0.010796,0.005367,0.010798,-0.001741
762.44,0.238708,-0.009314,0.004665,0.009313,-0.004173
765.084,0.179751,-0.00693,0.000931,0.006929,-0.0027
767.727,0.119406,-0.004165,-0.01016,0.004176,0.009771
770.368,0.113444,-0.003614,-0.02189,0.003638,0.02292
773.008,0.106521,-0.002565,-0.021136,0.002594,0.027793
775.646,0.071111,-0.000353,-0.017922,0.000382,0.029489
778.283,0.025736,0.000403,-0.015747,-0.000373,0.029558
780.918,0.034723,0.000332,-0.004195,-0.000316,0.016448
783.551,0.046405,-0.000675,0.004559,0.000679,0.003165
786.183,0.011217,-0.000418,-0.003425,0.000425,0.007142
788.813,0.020668,-6.9e-05,-0.018021,8.5e-05,0.016153
791.442,0.025841,-0.000296,-0.02115,0.000313,0.01695
794.069,0.056617,-0.000939,-0.015327,0.000956,0.016334
796.695,0.06255,-9.1e-05,-0.013989,0.000108,0.017193
799.319,0.064581,0.002583,-0.009564,-0.002574,0.010301
801.942,0.097172,0.0026,0.008636,-0.002611,-0.010355
804.563,0.062322,0.001243,0.013694,-0.00126,-0.016633
807.182,0.023199,0.00027,0.004327,-0.000281,-0.011036
809.8,0.055532,-0.001944,0.00361,0.001927,-0.017935
812.416,0.077689,-0.003072,0.006165,0.003051,-0.02287
815.031,0.141942,-0.005631,0.004642,0.005615,-0.017842
817.644,0.167534,-0.006673,-0.001022,0.006662,-0.013201
820.256,0.133489,-0.004869,0.000674,0.004851,-0.020326
822.866,0.122598,-0.003897,0.007761,0.003872,-0.026385
825.475,0.057511,-0.002258,0.004388,0.002244,-0.014565
828.082,0.006604,-0.000234,0.006391,0.000223,-0.011749
830.687,0.049304,0.001547,0.01562,-0.001569,-0.021146
833.291,0.093339,0.003698,0.011775,-0.003716,-0.015936
835.893,0.078014,0.001693,-0.0097,-0.001684,0.009656
838.494,0.115218,-0.001642,-0.025928,0.001671,0.027964
841.093,0.12317,-0.003476,-0.022109,0.003498,0.021067
843.691,0.164274,-0.006159,-0.015536,0.006171,0.009583
846.287,0.194781,-0.007756,-0.005532,0.007754,-0.004722
848.882,0.23328,-0.008912,0.015709,0.008883,-0.032426
851.475,0.279007,-0.010184,0.029315,0.010136,-0.051269
854.066,0.281576,-0.010683,0.027221,0.010639,-0.047091
856.656,0.252021,-0.009616,0.020623,0.009583,-0.037105
859.245,0.180544,-0.005558,0.021694,0.005526,-0.033966
861.832,0.144993,-0.001623,0.025347,0.001591,-0.032342
864.417,0.146548,-0.00123,0.023472,0.001202,-0.028105
867.001,0.150422,-0.003486,0.025632,0.003461,-0.026431
869.583,0.188215,-0.00719,0.022706,0.007171,-0.021717
872.164,0.297425,-0.011631,0.002772,0.011633,-0.001701
874.743,0.403501,-0.014664,-0.014832,0.014686,0.017531
877.321,0.379385,-0.01254,-0.024998,0.01257,0.026033
879.897,0.247984,-0.006756,-0.033688,0.006787,0.029522
882.472,0.145677,-0.001626,-0.039772,0.001657,0.030583
885.045,0.110725,0.00214,-0.042712,-0.002109,0.031251
887.616,0.140904,0.005178,-0.037773,-0.005149,0.030457
890.187,0.189204,0.007563,-0.031196,-0.00754,0.025043
892.755,0.180714,0.007164,-0.023346,-0.00715,0.016101
895.322,0.154341,0.006141,-0.013578,-0.006133,0.009798
897.887,0.15748,0.006278,-0.00911,-0.006272,0.007752
900.451,0.133036,0.00522,-0.004641,-0.005221,0.00099
903.014,0.10401,0.003548,-0.002573,-0.003554,-0.005116
905.575,0.123704,0.003248,-0.00697,-0.003255,-0.00599
908.134,0.153608,0.003512,-0.012384,-0.003516,-0.003172
910.692,0.171502,0.003218,-0.009698,-0.003226,-0.007367
913.248,0.123001,0.000896,-0.006122,-0.000905,-0.009026
915.803,0.052289,-0.001151,-0.011619,0.001157,0.00497
918.356,0.058153,-0.002208,-0.015558,0.002224,0.015653
920.908,0.111729,-0.00383,-0.014616,0.003849,0.017906
923.458,0.135829,-0.004579,-0.014406,0.0046,0.019193
926.007,0.12284,-0.004077,-0.01609,0.004095,0.016812
928.554,0.091565,-0.003626,-0.00981,0.003631,0.003467
931.1,0.087249,-0.002262,-0.000547,0.002252,-0.011053
933.644,0.069772,-0.000542,-0.003925,0.000536,-0.006323
936.186,0.054654,-0.000667,-0.009176,0.000669,0.001176
938.728,0.049289,0.000451,-0.010375,-0.000447,0.004122
941.267,0.096609,0.003631,-0.015849,-0.00362,0.011909
943.805,0.168073,0.006667,-0.016492,-0.006655,0.013794
946.342,0.206744,0.008245,-0.016694,-0.008231,0.01639
948.877,0.223225,0.0089,-0.016598,-0.008889,0.014774
951.41,0.235152,0.009304,-0.020536,-0.00929,0.016407
953.943,0.219908,0.00878,-0.026016,-0.008759,0.023405
956.473,0.181186,0.007015,-0.018429,-0.007004,0.01292
959.002,0.198763,0.006693,-0.006445,-0.006698,-0.003037
961.53,0.243822,0.007682,0.004084,-0.0077,-0.015506
964.056,0.257597,0.008052,0.015597,-0.00808,-0.025209
966.58,0.223779,0.007705,0.021639,-0.007731,-0.02365
969.103,0.171593,0.006486,0.013062,-0.0065,-0.011795
971.625,0.14626,0.005828,0.000477,-0.005827,0.003581
974.145,0.167604,0.00642,-0.010409,-0.006403,0.019058
976.663,0.172349,0.006614,-0.017736,-0.006591,0.025486
979.18,0.135284,0.005206,-0.01468,-0.005188,0.019662
981.696,0.089259,0.003507,-0.008334,-0.003496,0.012232
984.21,0.022553,0.00077,-0.007765,-0.000762,0.008513
986.722,0.127293,-0.004675,-0.015169,0.004687,0.010884
989.233,0.281898,-0.010817,-0.025842,0.010833,0.012902
991.743,0.463035,-0.018139,-0.026469,0.018156,0.010645
994.251,0.762743,-0.030101,-0.018709,0.030118,0.00732
996.757,1.328444,-0.05249,0.002412,0.052505,-0.002803
999.262,2.159983,-0.085129,0.046512,0.085141,-0.016188
1001.77,3.104557,-0.122003,0.094318,0.122021,-0.022762
1004.27,3.962211,-0.155401,0.129016,0.155428,-0.024043
1006.77,4.530302,-0.176828,0.140655,0.176876,-0.008924
1009.27,4.580995,-0.177914,0.143205,0.177968,-0.002671
1011.77,4.096346,-0.158547,0.136384,0.158589,-0.007883
1014.26,3.266735,-0.125637,0.109377,0.12567,-0.007022
1016.76,2.341887,-0.089183,0.074278,0.089206,-0.004744
1019.25,1.531165,-0.057658,0.043917,0.057675,-0.000882
1021.74,0.882934,-0.032813,0.018836,0.032826,0.002856
1024.23,0.417442,-0.015171,-0.001342,0.015185,0.009209
1026.72,0.14651,-0.004434,-0.015053,0.004452,0.016884
1029.21,0.063518,0.002494,-0.012485,-0.002486,0.008236
1031.69,0.135491,0.005077,-0.004547,-0.005083,-0.003737
1034.18,0.128837,0.004882,-0.00367,-0.00489,-0.005601
1036.66,0.114928,0.004137,-0.005324,-0.004146,-0.00703
1039.14,0.103175,0.002469,-0.008697,-0.002478,-0.008298
1041.62,0.119022,0.002966,-0.011773,-0.002971,-0.004199
1044.1,0.121594,0.004012,-0.016179,-0.004007,0.00577
1046.58,0.100742,0.003106,-0.012449,-0.003103,0.00449
1049.05,0.112797,0.00251,-0.001903,-0.002516,-0.005985
1051.52,0.091976,0.000672,0.007761,-0.000685,-0.012349
1054,0.062009,0.000167,0.010667,-0.000177,-0.010039
1056.47,0.090095,0.002418,0.006474,-0.002426,-0.007381
1058.94,0.144705,0.004701,0.003087,-0.004711,-0.009077
1061.4,0.19797,0.0072,-0.001939,-0.007208,-0.005708
1063.87,0.175985,0.006551,-0.008425,-0.006553,-0.000199
1066.34,0.104514,0.003807,-0.007868,-0.00381,-0.001495
1068.8,0.12541,0.004939,-0.017537,-0.004933,0.007899
1071.26,0.379447,0.015104,-0.032824,-0.015081,0.027013
1073.72,0.975773,0.038846,-0.047153,-0.038806,0.052377
1076.18,1.940692,0.077215,-0.068231,-0.077152,0.088076
1078.64,3.180242,0.126408,-0.089528,-0.126322,0.128075
1081.1,4.445161,0.176604,-0.107361,-0.176495,0.1678
1083.55,5.372734,0.213539,-0.118311,-0.213411,0.198946
1086,5.718469,0.227366,-0.116462,-0.227237,0.205839
1088.46,5.337728,0.21225,-0.107352,-0.21213,0.191046
1090.91,4.399289,0.17493,-0.090849,-0.174828,0.160579
1093.35,3.189375,0.12677,-0.062954,-0.126701,0.11217
1095.8,1.972625,0.078394,-0.040779,-0.078352,0.068822
1098.25,1.014319,0.040298,-0.02547,-0.040273,0.038441
1100.69,0.421463,0.016599,-0.011475,-0.016591,0.012977
1103.14,0.129077,0.004831,-0.003911,-0.004835,-0.002572
1105.58,0.035174,2e-04,0.004809,-0.000214,-0.013917
1108.02,0.078977,-0.002302,0.010267,0.002281,-0.021953
1110.46,0.123454,-0.004125,0.010188,0.004103,-0.023286
1112.89,0.160157,-0.005944,0.012946,0.005922,-0.023971
1115.33,0.153968,-0.006062,0.013891,0.006045,-0.018884
1117.76,0.144036,-0.005734,0.011694,0.005725,-0.010131
1120.2,0.152729,-0.006027,0.0073,0.006027,-0.001735
1122.63,0.207701,-0.008278,0.012754,0.008277,-0.003239
1125.06,0.315619,-0.012566,0.02271,0.012565,-0.005054
1127.49,0.451555,-0.017981,0.029444,0.017979,-0.008054
1129.91,0.597065,-0.023793,0.035666,0.023786,-0.014353
1132.34,0.688766,-0.027427,0.040968,0.027419,-0.016716
1134.76,0.683632,-0.027229,0.04786,0.027215,-0.023132
1137.19,0.656585,-0.026028,0.043271,0.026016,-0.019629
1139.61,0.590266,-0.023162,0.028508,0.023162,-0.007129
1142.03,0.487155,-0.019067,0.014836,0.019072,-0.000374
1144.44,0.391966,-0.014931,0.000569,0.014945,0.009248
1146.86,0.3166,-0.01085,-0.002981,0.010867,0.014
1149.28,0.254247,-0.006816,-0.002944,0.006834,0.016448
1151.69,0.207802,-0.003162,0.001854,0.003178,0.015571
1154.1,0.174504,-0.001928,0.017427,0.001932,0.004386
1156.52,0.172405,-0.002876,0.024141,0.002879,0.003328
1158.92,0.154083,-0.003902,0.020071,0.00391,0.007573
1161.33,0.108192,-0.003844,0.009307,0.003856,0.011002
1163.74,0.087554,-0.003441,0.005207,0.003448,0.006724
1166.15,0.092426,-0.002887,0.011661,0.002881,-0.006935
1168.55,0.120539,-0.002824,0.011158,0.00281,-0.015193
1170.95,0.138679,-0.001975,0.010866,0.001953,-0.022924
1173.35,0.148383,0.000171,0.012958,-0.000198,-0.027189
1175.75,0.132366,0.001604,0.006238,-0.001625,-0.020595
1178.15,0.097969,0.001795,-0.004666,-0.001805,-0.009823
1180.55,0.075202,0.002452,-0.015122,-0.002448,0.005092
1182.94,0.063909,0.002471,-0.021977,-0.002455,0.016719
1185.34,0.088176,0.002728,-0.030572,-0.002703,0.02601
1187.73,0.132628,0.004615,-0.041712,-0.004581,0.035652
1190.12,0.190553,0.007161,-0.042172,-0.007124,0.038919
1192.51,0.216034,0.008276,-0.035393,-0.008241,0.037537
1194.9,0.153405,0.005327,-0.030594,-0.005296,0.033207
1197.29,0.08627,0.001605,-0.022287,-0.001579,0.026533
1199.67,0.073428,-0.001073,-0.015771,0.001094,0.020678
1202.05,0.114705,-0.003209,-0.016375,0.00323,0.019631
1204.44,0.123097,-0.003917,-0.017818,0.003939,0.01994
1206.82,0.054823,-0.001142,-0.01532,0.001161,0.018164
1209.2,0.07095,0.00213,-0.017462,-0.002106,0.02471
1211.58,0.102484,0.003005,-0.024626,-0.002971,0.034949
1213.95,0.131276,0.002755,-0.03172,-0.00271,0.045935
1216.33,0.159293,0.002474,-0.034205,-0.002423,0.052393
1218.7,0.141498,0.00235,-0.024091,-0.002313,0.038705
1221.08,0.135715,0.002704,-0.011196,-0.002681,0.024601
1223.45,0.113495,0.002594,0.002007,-0.002582,0.012461
1225.82,0.069711,0.002434,0.019488,-0.002441,-0.005768
1228.18,0.081934,0.0032,0.018267,-0.003207,-0.00617
1230.55,0.108209,0.004281,0.005099,-0.004279,0.003572
1232.92,0.135427,0.005314,-0.002697,-0.005304,0.011646
1235.28,0.126559,0.004459,-0.007816,-0.004444,0.015774
1237.64,0.091873,0.003076,-0.0046,-0.003068,0.009905
1240.01,0.067605,0.002613,-8.3e-05,-0.00261,0.004314
1242.36,0.052159,0.001059,0.006325,-0.001063,-0.003922
1244.72,0.137702,-0.001021,0.021079,0.001001,-0.021182
1247.08,0.175254,-0.000737,0.0248,0.000711,-0.026959
1249.44,0.243917,0.002713,0.023894,-0.002745,-0.031427
1251.79,0.309805,0.006515,0.030782,-0.006556,-0.040066
1254.14,0.28388,0.009063,0.028655,-0.009095,-0.028907
1256.49,0.320926,0.012425,0.016079,-0.012437,-0.007723
1258.84,0.339262,0.013524,0.00541,-0.013523,0.006419
1261.19,0.26545,0.01012,-0.004314,-0.010106,0.017694
1263.54,0.21007,0.005101,-0.021976,-0.005067,0.035804
1265.89,0.261786,-0.001063,-0.046883,0.001119,0.056844
1268.23,0.342448,-0.008396,-0.059591,0.008457,0.058279
1270.57,0.432506,-0.014722,-0.059813,0.014775,0.048593
1272.92,0.509594,-0.018661,-0.061344,0.018718,0.050657
1275.26,0.466015,-0.017553,-0.056918,0.017607,0.048346
1277.59,0.33888,-0.01309,-0.037948,0.013126,0.031937
1279.93,0.223378,-0.008654,-0.020005,0.008679,0.02286
1282.27,0.095229,-0.002667,-0.013438,0.002693,0.025656
1284.6,0.089766,0.001959,-0.008872,-0.001937,0.022971
1286.94,0.100077,0.003349,-0.001399,-0.003339,0.011886
1289.27,0.154132,0.006052,0.003569,-0.006049,0.005747
1291.6,0.217934,0.008663,0.000252,-0.008656,0.010361
1293.93,0.247255,0.00959,-0.008712,-0.009571,0.023165
1296.26,0.2911,0.011062,-0.015635,-0.011033,0.032427
1298.58,0.301742,0.011452,-0.019308,-0.01142,0.035499
1300.91,0.280473,0.010736,-0.019142,-0.010706,0.033503
1303.23,0.193795,0.007655,-0.012998,-0.007635,0.022587
1305.55,0.090162,0.003447,-0.002856,-0.00344,0.008341
1307.87,0.071327,0.002164,0.006229,-0.002166,-0.001118
1310.19,0.093426,0.003203,0.007443,-0.003207,-0.003704
1312.51,0.08879,0.003491,-0.00075,-0.003484,0.008043
1314.83,0.157222,0.005154,-0.015293,-0.005129,0.02696
1317.14,0.204417,0.007067,-0.021341,-0.00704,0.029437
1319.46,0.188473,0.006886,-0.020418,-0.006866,0.022284
1321.77,0.123669,0.004762,-0.013504,-0.004754,0.009457
1324.08,0.029984,0.000788,-0.004242,-0.00079,-0.000868
1326.39,0.050863,-0.001707,-0.003408,0.001706,-0.001535
1328.7,0.044496,-0.001138,-0.008825,0.001143,0.004735
1331,0.111872,-0.000579,-0.01411,6e-04,0.021686
1333.31,0.198421,2e-04,-0.022979,-0.000155,0.045547
1335.61,0.212275,0.00198,-0.027648,-0.001928,0.053512
1337.92,0.206967,0.003169,-0.028415,-0.003121,0.049909
1340.22,0.219129,0.001509,-0.039404,-0.001453,0.056849
1342.52,0.276205,-0.004614,-0.054224,0.004681,0.065924
1344.82,0.454548,-0.014153,-0.064349,0.014226,0.068817
1347.11,0.662007,-0.023029,-0.077127,0.023111,0.074121
1349.41,0.787261,-0.027951,-0.079889,0.028036,0.075106
1351.7,0.816501,-0.029176,-0.068723,0.029257,0.071153
1354,0.707515,-0.025517,-0.051174,0.025584,0.059001
1356.29,0.482604,-0.017494,-0.029647,0.017537,0.038109
1358.58,0.248755,-0.008544,-0.019391,0.008576,0.029276
1360.87,0.09783,-0.001991,-0.015035,0.002017,0.025601
1363.16,0.065153,0.001526,-0.005754,-0.001511,0.016011
1365.44,0.081499,0.003108,-0.004414,-0.003101,0.007714
1367.73,0.072462,0.00256,-0.005471,-0.002558,0.002593
1370.01,0.074817,0.001028,-0.007012,-0.001022,0.006381
1372.29,0.075841,0.001141,-0.015289,-0.001128,0.013986
1374.58,0.091483,0.003525,-0.013005,-0.003517,0.009695
1376.85,0.152201,0.006065,-0.006684,-0.006059,0.007597
1379.13,0.231466,0.009208,-0.009182,-0.009194,0.01702
1381.41,0.327986,0.013086,-0.006339,-0.013073,0.017665
1383.69,0.345098,0.013674,0.006636,-0.013674,0.00518
1385.96,0.274315,0.010711,0.017444,-0.010721,-0.006735
1388.23,0.215346,0.008149,0.018331,-0.008162,-0.010355
1390.5,0.187924,0.006661,0.017828,-0.006676,-0.012441
1392.77,0.128123,0.004326,0.021844,-0.004342,-0.014587
1395.04,0.056857,0.002185,0.013666,-0.002189,-0.002183
1397.31,0.102853,0.001934,-0.000846,-0.001919,0.015847
1399.58,0.118648,0.001913,-0.003042,-0.001895,0.019607
1401.84,0.094307,0.002131,0.002594,-0.002118,0.014531
1404.1,0.066112,0.002633,0.006269,-0.002628,0.005911
1406.37,0.096226,0.002477,0.011414,-0.002487,-0.008953
1408.63,0.150616,0.00185,0.023517,-0.001879,-0.028984
1410.89,0.164258,0.000797,0.031374,-0.000839,-0.042063
1413.14,0.10698,0.000648,0.026113,-0.000686,-0.037235
1415.4,0.036654,0.00032,0.023563,-0.000351,-0.030587
1417.66,0.029375,-0.000981,0.025143,0.000954,-0.026547
1419.91,0.068588,-0.000958,0.017716,0.000945,-0.012642
1422.16,0.091162,0.000937,0.005465,-0.000933,0.004734
1424.41,0.13125,0.00393,-0.007566,-0.003915,0.016394
1426.66,0.15983,0.005849,-0.011269,-0.005834,0.017435
1428.91,0.170062,0.006509,-0.008275,-0.006499,0.012201
1431.16,0.16493,0.006374,-0.00782,-0.006369,0.007172
1433.4,0.119131,0.004652,-0.005305,-0.004654,-0.000662
1435.65,0.058485,0.002279,-0.001171,-0.002286,-0.006463
1437.89,0.029057,0.001149,0.002139,-0.001157,-0.006847
1440.13,0.058278,0.002213,0.005373,-0.00222,-0.006062
1442.37,0.125897,0.004176,0.011022,-0.00419,-0.01276
1444.61,0.160297,0.005214,0.01821,-0.005235,-0.019337
1446.85,0.145504,0.0051,0.02097,-0.005122,-0.020736
1449.09,0.129003,0.004506,0.021627,-0.004531,-0.023908
1451.32,0.142984,0.004822,0.018909,-0.004847,-0.023864
1453.56,0.167262,0.00556,0.017068,-0.005584,-0.021897
1455.79,0.175373,0.006255,0.018641,-0.006276,-0.018597
1458.02,0.157716,0.00599,0.023775,-0.006009,-0.017129
1460.25,0.159423,0.005784,0.031303,-0.00581,-0.02426
1462.48,0.138806,0.005336,0.024218,-0.005354,-0.01573
1464.71,0.094855,0.003685,0.014905,-0.003689,-0.002624
1466.93,0.075098,0.002153,0.008387,-0.00215,0.004391
1469.16,0.066386,0.000522,-0.003288,-0.000508,0.014278
1471.38,0.041027,-7.1e-05,-0.00667,8.5e-05,0.014617
1473.6,0.051557,-0.00068,-0.004799,0.000692,0.012403
1475.82,0.075264,-0.001828,-0.003869,0.001838,0.009584
1478.04,0.039019,-0.001111,-0.001571,0.001114,0.003039
1480.26,0.033754,-0.000699,-0.003822,0.000707,0.007441
1482.47,0.042119,-0.000611,-0.006184,0.000624,0.012402
1484.69,0.010006,-0.000376,-0.004517,0.000383,0.006542
1486.9,0.052842,0.000113,-0.000578,-0.000115,-0.002185
1489.12,0.095634,0.002153,0.005003,-0.002161,-0.007074
1491.33,0.088071,0.002475,0.007503,-0.002483,-0.00759
1493.54,0.113013,0.003252,0.00669,-0.003264,-0.011832
1495.75,0.147734,0.004603,0.004464,-0.004617,-0.012229
1497.95,0.149966,0.005293,-0.001082,-0.005298,-0.003585
1500.16,0.15884,0.00549,-0.002463,-0.005493,-0.001428
1502.36,0.156,0.004408,-0.002884,-0.004413,-0.004441
1504.57,0.156841,0.003983,-0.000318,-0.003992,-0.007367
1506.77,0.130617,0.003445,0.010182,-0.003457,-0.01108
1508.97,0.100112,0.002556,0.017068,-0.002572,-0.014894
1511.17,0.078708,0.001764,0.021834,-0.001785,-0.021015
1513.37,0.007853,-0.000322,0.019423,0.000305,-0.016576
1515.57,0.074037,-0.001215,0.0081,0.001214,-0.000962
1517.76,0.073502,-0.001191,0.003453,0.001195,0.003442
1519.95,0.054248,-0.001286,-0.001897,0.001289,0.002396
1522.15,0.015603,-0.000158,0.00124,0.000152,-0.006217
1524.34,0.089737,0.000944,0.009515,-0.000966,-0.021261
1526.53,0.138367,0.002313,0.013643,-0.002342,-0.028817
1528.72,0.15918,0.003049,0.021756,-0.003084,-0.033853
1530.91,0.144968,0.002375,0.023948,-0.00241,-0.034662
1533.09,0.072543,-0.001358,0.016702,0.001337,-0.021534
1535.28,0.157425,-0.006288,0.015454,0.006275,-0.015432
1537.46,0.258012,-0.010266,0.014172,0.010255,-0.014268
1539.64,0.386445,-0.015315,0.009076,0.015313,-0.006935
1541.83,0.538574,-0.021015,-0.002563,0.021025,0.003609
1544.01,0.645589,-0.024824,-0.015821,0.024847,0.01461
1546.18,0.66147,-0.025099,-0.028476,0.025134,0.026743
1548.36,0.563715,-0.021392,-0.03069,0.021423,0.024025
1550.54,0.466988,-0.017951,-0.018815,0.017969,0.011403
1552.71,0.324469,-0.012807,-0.003258,0.012808,-0.00409
1554.89,0.152921,-0.005708,0.005588,0.005697,-0.013198
1557.06,0.132653,-0.000794,0.01716,0.000773,-0.021125
1559.23,0.182541,0.002892,0.029278,-0.002923,-0.030564
1561.4,0.187837,0.004087,0.030653,-0.004119,-0.030217
1563.57,0.15201,0.004046,0.021985,-0.004069,-0.021256
1565.73,0.185618,0.006076,0.015711,-0.006097,-0.018808
1567.9,0.213648,0.006897,0.019318,-0.006922,-0.023189
1570.06,0.203668,0.006576,0.018946,-0.0066,-0.021948
1572.23,0.182748,0.00545,0.018227,-0.005473,-0.021542
1574.39,0.143743,0.00207,0.02389,-0.002095,-0.025175
1576.55,0.112841,-0.000992,0.026508,0.000969,-0.02374
1578.71,0.10879,-0.003424,0.024355,0.003404,-0.02055
1580.87,0.108018,-0.004118,0.011064,0.004107,-0.01268
1583.02,0.05039,-0.001133,0.000184,0.001125,-0.00857
1585.18,0.092035,0.001715,0.005075,-0.001731,-0.016218
1587.33,0.090998,0.001973,0.01227,-0.001995,-0.021698
1589.49,0.050046,0.000867,0.015411,-0.000886,-0.018354
1591.64,0.050782,-0.00202,0.008191,0.002017,-0.003438
1593.79,0.11522,-0.00401,-0.006236,0.004028,0.016302
1595.94,0.158453,-0.004016,-0.02248,0.004052,0.034698
1598.08,0.209836,-0.003997,-0.039978,0.004051,0.052688
1600.23,0.196596,-0.003571,-0.035723,0.003621,0.048427
1602.38,0.158872,-0.004283,-0.015253,0.00431,0.026094
1604.52,0.190545,-0.007095,0.004422,0.0071,0.002513
1606.66,0.220191,-0.008624,0.013265,0.008618,-0.008541
1608.8,0.242335,-0.009555,0.01195,0.009548,-0.009222
1610.94,0.224867,-0.008805,0.010491,0.008802,-0.005718
1613.08,0.158774,-0.0058,0.003544,0.005806,0.003857
1615.22,0.144733,-0.004198,-0.009996,0.004216,0.017422
1617.36,0.136933,-0.002766,-0.01973,0.002795,0.02805
1619.49,0.095523,-0.00038,-0.022484,0.000406,0.026134
1621.62,0.079073,0.000854,-0.029258,-0.00083,0.024435
1623.76,0.094317,-0.000275,-0.037112,0.000304,0.029138
1625.89,0.145756,-0.002674,-0.037974,0.002705,0.030554
1628.02,0.152141,-0.002656,-0.030021,0.002684,0.027273
1630.15,0.124453,-0.001834,-0.016219,0.001855,0.02111
1632.27,0.133387,-0.002434,-0.006158,0.002454,0.019442
1634.4,0.101143,-0.00143,-0.000365,0.001447,0.017158
1636.53,0.042978,0.00092,0.002939,-0.000912,0.008599
1638.65,0.028556,0.001007,-0.002376,-0.001,0.007585
1640.77,0.054054,-0.002142,-0.009765,0.002154,0.011524
1642.89,0.142315,-0.005643,-0.015258,0.005661,0.015653
1645.01,0.159655,-0.006283,-0.015121,0.006302,0.016757
1647.13,0.150661,-0.005991,-0.005802,0.006004,0.010795
1649.25,0.145035,-0.005762,0.00544,0.005768,0.004883
1651.36,0.074503,-0.002927,0.014033,0.002927,-0.001256
1653.48,0.045733,0.001731,0.017625,-0.001741,-0.009248
1655.59,0.105293,0.004058,0.017188,-0.004073,-0.013011
1657.71,0.079892,0.003145,0.007209,-0.003147,-0.001011
1659.82,0.080817,0.000649,-0.002864,-0.000636,0.013673
1661.93,0.084579,-0.000969,-0.007407,0.000986,0.017042
1664.04,0.07589,-0.002279,-0.00756,0.002295,0.014964
1666.14,0.09039,-0.003298,-0.002008,0.003308,0.00892
1668.25,0.059881,-0.002374,0.008686,0.002369,-0.005572
1670.35,0.080772,8.5e-05,0.021673,-0.00011,-0.024843
1672.46,0.069678,0.000725,0.024564,-0.000751,-0.026409
1674.56,0.058326,-0.001772,0.018342,0.001761,-0.011057
1676.66,0.168571,-0.004692,0.01131,0.004695,0.002382
1678.76,0.218364,-0.006257,-0.002254,0.006274,0.015273
1680.86,0.23406,-0.006966,-0.009252,0.006989,0.020775
1682.96,0.218494,-0.006903,-0.007188,0.006923,0.017324
1685.05,0.148417,-0.005234,-0.000263,0.005242,0.006509
1687.15,0.049905,-0.001681,0.009277,0.001672,-0.009095
1689.24,0.054516,0.000941,0.011686,-0.000951,-0.010109
1691.33,0.063132,0.002358,0.019025,-0.002368,-0.009621
1693.42,0.083345,0.003302,0.022466,-0.003313,-0.009375
1695.51,0.104155,0.003772,0.015261,-0.003776,-0.003059
1697.6,0.095559,0.003333,0.013223,-0.003338,-0.003242
1699.69,0.042684,0.001201,0.016094,-0.001209,-0.00761
1701.78,0.052937,-0.002113,0.015829,0.002102,-0.011762
1703.86,0.114332,-0.004356,0.007323,0.004348,-0.010253
1705.95,0.120907,-0.004566,-0.003409,0.004569,0.001234
1708.03,0.083581,-0.003122,-0.003322,0.003129,0.005882
1710.11,0.046946,-0.001737,-0.001405,0.001743,0.00512
1712.19,0.004968,-0.000179,-0.007925,0.000189,0.010308
1714.27,0.029546,0.001182,-0.007473,-0.001173,0.009159
1716.35,0.040011,0.00159,-0.003327,-0.001587,0.003753
1718.42,0.040392,-0.001535,-0.009855,0.001539,0.003389
1720.5,0.135861,-0.005277,-0.020486,0.005286,0.007041
1722.57,0.143239,-0.005515,-0.026709,0.005529,0.012297
1724.64,0.112291,-0.004365,-0.020589,0.004376,0.009658
1726.72,0.105242,-0.004192,-0.006452,0.004194,-0.000112
1728.79,0.112331,-0.004473,-0.001861,0.004474,-0.000193
1730.85,0.110026,-0.004086,0.001011,0.004093,0.005917
1732.92,0.079279,-0.002463,0.00162,0.002474,0.010531
1734.99,0.103497,-0.003642,-0.004238,0.003657,0.013931
1737.05,0.148191,-0.005603,-0.007029,0.005617,0.011715
1739.12,0.10005,-0.003885,-0.010413,0.003896,0.009333
1741.18,0.044528,-0.001663,-0.009324,0.001668,0.004841
1743.24,0.054237,-0.00032,-0.003398,0.000317,-0.003473
1745.3,0.077138,0.000816,-0.000281,-0.000823,-0.007542
1747.36,0.116119,0.002974,-0.0029,-0.002979,-0.004336
1749.42,0.167638,0.004624,-0.002514,-0.004632,-0.006808
1751.48,0.134152,0.002792,0.00013,-0.002802,-0.0095
1753.53,0.080867,-0.000851,1.1e-05,0.000844,-0.007705
1755.59,0.105562,-0.003124,0.005307,0.00311,-0.01515
1757.64,0.148354,-0.005116,0.017781,0.00509,-0.028069
1759.69,0.174548,-0.005794,0.03382,0.005753,-0.043712
1761.74,0.169962,-0.004665,0.047274,0.004611,-0.055578
1763.79,0.111187,-0.001251,0.045443,0.001202,-0.049102
1765.84,0.092106,0.001913,0.037389,-0.001951,-0.037513
1767.89,0.075159,0.002527,0.022493,-0.002549,-0.02121
1769.93,0.070727,0.002772,0.003744,-0.002775,-0.002318
1771.98,0.111111,0.004233,-0.001644,-0.004234,0.001123
1774.02,0.130621,0.004929,-0.00326,-0.004929,0.000762
1776.07,0.157253,0.005602,-0.002705,-0.005608,-0.003416
1778.11,0.185014,0.006059,-0.001913,-0.006067,-0.00619
1780.15,0.15521,0.005425,-0.005415,-0.005427,-0.000325
1782.19,0.134271,0.004831,-0.00125,-0.004837,-0.004324
1784.22,0.100891,0.003439,0.003993,-0.00345,-0.009966
1786.26,0.072214,0.001649,0.012029,-0.001665,-0.016015
1788.29,0.107322,0.001425,0.024136,-0.001451,-0.02595
1790.33,0.130506,0.001593,0.026163,-0.001623,-0.029888
1792.36,0.178201,0.002172,0.027314,-0.002208,-0.03605
1794.39,0.22446,0.00192,0.027812,-0.001963,-0.041975
1796.42,0.221072,0.000518,0.027592,-0.000563,-0.045245
1798.45,0.205293,9.3e-05,0.030838,-0.000142,-0.049756
