"ID","type","150.004","153.010","156.013","159.014","162.014","165.012","168.009","171.003","173.996","176.987","179.976","182.964","185.950","188.934","191.916","194.897","197.876","200.853","203.828","206.802","209.774","212.744","215.713","218.679","221.644","224.607","227.569","230.529","233.487","236.443","239.398","242.351","245.302","248.251","251.199","254.145","257.089","260.031","262.972","265.911","268.849","271.784","274.718","277.650","280.581","283.510","286.437","289.362","292.285","295.207","298.128","301.046","303.963","306.878","309.791","312.703","315.613","318.521","321.427","324.332","327.235","330.137","333.036","335.934","338.831","341.725","344.618","347.509","350.399","353.287","356.173","359.057","361.940","364.821","367.700","370.578","373.454","376.328","379.200","382.071","384.941","387.808","390.674","393.538","396.400","399.261","402.120","404.978","407.833","410.687","413.540","416.391","419.240","422.087","424.933","427.776","430.619","433.459","436.298","439.136","441.971","444.805","447.638","450.468","453.297","456.124","458.950","461.774","464.596","467.417","470.236","473.053","475.869","478.683","481.495","484.306","487.115","489.922","492.728","495.532","498.334","501.135","503.934","506.732","509.527","512.321","515.114","517.905","520.694","523.482","526.267","529.052","531.834","534.615","537.395","540.172","542.948","545.723","548.496","551.267","554.036","556.804","559.570","562.335","565.098","567.859","570.619","573.377","576.133","578.888","581.641","584.393","587.143","589.891","592.638","595.383","598.126","600.868","603.608","606.347","609.084","611.819","614.553","617.285","620.015","622.744","625.471","628.197","630.921","633.644","636.364","639.084","641.801","644.517","647.231","649.944","652.655","655.365","658.073","660.779","663.484","666.187","668.888","671.588","674.287","676.983","679.679","682.372","685.064","687.754","690.443","693.130","695.816","698.500","701.182","703.863","706.542","709.220","711.896","714.570","717.243","719.914","722.584","725.252","727.919","730.584","733.247","735.909","738.569","741.227","743.884","746.540","749.194","751.846","754.497","757.146","759.794","762.440","765.084","767.727","770.368","773.008","775.646","778.283","780.918","783.551","786.183","788.813","791.442","794.069","796.695","799.319","801.942","804.563","807.182","809.800","812.416","815.031","817.644","820.256","822.866","825.475","828.082","830.687","833.291","835.893","838.494","841.093","843.691","846.287","848.882","851.475","854.066","856.656","859.245","861.832","864.417","867.001","869.583","872.164","874.743","877.321","879.897","882.472","885.045","887.616","890.187","892.755","895.322","897.887","900.451","903.014","905.575","908.134","910.692","913.248","915.803","918.356","920.908","923.458","926.007","928.554","931.100","933.644","936.186","938.728","941.267","943.805","946.342","948.877","951.410","953.943","956.473","959.002","961.530","964.056","966.580","969.103","971.625","974.145","976.663","979.180","981.696","984.210","986.722","989.233","991.743","994.251","996.757","999.262","1001.770","1004.270","1006.770","1009.270","1011.770","1014.260","1016.760","1019.250","1021.740","1024.230","1026.720","1029.210","1031.690","1034.180","1036.660","1039.140","1041.620","1044.100","1046.580","1049.050","1051.520","1054.000","1056.470","1058.940","1061.400","1063.870","1066.340","1068.800","1071.260","1073.720","1076.180","1078.640","1081.100","1083.550","1086.000","1088.460","1090.910","1093.350","1095.800","1098.250","1100.690","1103.140","1105.580","1108.020","1110.460","1112.890","1115.330","1117.760","1120.200","1122.630","1125.060","1127.490","1129.910","1132.340","1134.760","1137.190","1139.610","1142.030","1144.440","1146.860","1149.280","1151.690","1154.100","1156.520","1158.920","1161.330","1163.740","1166.150","1168.550","1170.950","1173.350","1175.750","1178.150","1180.550","1182.940","1185.340","1187.730","1190.120","1192.510","1194.900","1197.290","1199.670","1202.050","1204.440","1206.820","1209.200","1211.580","1213.950","1216.330","1218.700","1221.080","1223.450","1225.820","1228.180","1230.550","1232.920","1235.280","1237.640","1240.010","1242.360","1244.720","1247.080","1249.440","1251.790","1254.140","1256.490","1258.840","1261.190","1263.540","1265.890","1268.230","1270.570","1272.920","1275.260","1277.590","1279.930","1282.270","1284.600","1286.940","1289.270","1291.600","1293.930","1296.260","1298.580","1300.910","1303.230","1305.550","1307.870","1310.190","1312.510","1314.830","1317.140","1319.460","1321.770","1324.080","1326.390","1328.700","1331.000","1333.310","1335.610","1337.920","1340.220","1342.520","1344.820","1347.110","1349.410","1351.700","1354.000","1356.290","1358.580","1360.870","1363.160","1365.440","1367.730","1370.010","1372.290","1374.580","1376.850","1379.130","1381.410","1383.690","1385.960","1388.230","1390.500","1392.770","1395.040","1397.310","1399.580","1401.840","1404.100","1406.370","1408.630","1410.890","1413.140","1415.400","1417.660","1419.910","1422.160","1424.410","1426.660","1428.910","1431.160","1433.400","1435.650","1437.890","1440.130","1442.370","1444.610","1446.850","1449.090","1451.320","1453.560","1455.790","1458.020","1460.250","1462.480","1464.710","1466.930","1469.160","1471.380","1473.600","1475.820","1478.040","1480.260","1482.470","1484.690","1486.900","1489.120","1491.330","1493.540","1495.750","1497.950","1500.160","1502.360","1504.570","1506.770","1508.970","1511.170","1513.370","1515.570","1517.760","1519.950","1522.150","1524.340","1526.530","1528.720","1530.910","1533.090","1535.280","1537.460","1539.640","1541.830","1544.010","1546.180","1548.360","1550.540","1552.710","1554.890","1557.060","1559.230","1561.400","1563.570","1565.730","1567.900","1570.060","1572.230","1574.390","1576.550","1578.710","1580.870","1583.020","1585.180","1587.330","1589.490","1591.640","1593.790","1595.940","1598.080","1600.230","1602.380","1604.520","1606.660","1608.800","1610.940","1613.080","1615.220","1617.360","1619.490","1621.620","1623.760","1625.890","1628.020","1630.150","1632.270","1634.400","1636.530","1638.650","1640.770","1642.890","1645.010","1647.130","1649.250","1651.360","1653.480","1655.590","1657.710","1659.820","1661.930","1664.040","1666.140","1668.250","1670.350","1672.460","1674.560","1676.660","1678.760","1680.860","1682.960","1685.050","1687.150","1689.240","1691.330","1693.420","1695.510","1697.600","1699.690","1701.780","1703.860","1705.950","1708.030","1710.110","1712.190","1714.270","1716.350","1718.420","1720.500","1722.570","1724.640","1726.720","1728.790","1730.850","1732.920","1734.990","1737.050","1739.120","1741.180","1743.240","1745.300","1747.360","1749.420","1751.480","1753.530","1755.590","1757.640","1759.690","1761.740","1763.790","1765.840","1767.890","1769.930","1771.980","1774.020","1776.070","1778.110","1780.150","1782.190","1784.220","1786.260","1788.290","1790.330","1792.360","1794.390","1796.420","1798.450"
"gypsum1","gypsum",132,149,118,96,96,87,95,109,109,115,115,119,125,122,115,118,125,122,110,103,107,115,123,120,125,119,99,109,123,131,128,102,99,131,125,102,108,145,154,113,115,125,108,99,109,108,114,118,101,100,110,107,98,91,108,124,94,79,105,137,135,101,96,119,129,150,149,104,100,114,88,87,106,104,103,102,110,117,104,98,123,125,102,108,118,132,149,164,180,199,218,276,302,281,242,189,152,115,99,126,126,99,93,92,109,116,98,116,122,101,110,121,124,123,106,108,142,142,123,129,138,130,110,100,115,114,113,97,83,102,116,145,147,135,132,122,113,103,92,104,107,93,119,120,97,86,92,96,69,68,81,96,95,96,98,82,97,104,96,84,85,95,100,108,95,106,106,90,98,88,96,105,110,126,122,123,109,92,83,97,112,119,122,121,101,88,97,95,92,95,118,138,143,139,126,110,102,99,101,85,76,78,63,70,80,74,84,86,85,89,88,84,83,93,90,87,90,89,86,76,63,83,102,85,80,80,71,66,73,73,79,96,121,101,66,71,78,75,80,72,67,82,87,75,60,66,77,82,84,84,77,83,79,81,94,82,63,63,82,95,88,83,88,71,61,72,83,74,72,81,74,72,66,56,60,59,68,84,77,69,62,54,66,79,80,77,82,78,68,84,91,75,61,63,78,73,71,70,52,43,56,73,83,108,101,75,87,109,112,120,156,192,198,193,192,167,133,103,79,60,52,70,86,77,77,83,76,81,74,56,49,63,72,76,75,74,77,64,58,62,64,66,81,86,80,73,66,82,81,69,65,62,78,74,65,81,74,88,108,83,74,78,86,89,79,92,90,65,69,70,75,82,74,64,62,71,73,62,59,68,81,71,60,60,65,81,82,75,70,68,69,83,91,75,70,75,79,82,67,66,70,61,71,77,63,74,71,67,73,64,61,89,98,74,69,58,72,84,64,78,89,83,92,96,89,88,90,99,95,67,66,77,71,90,96,81,72,57,51,57,69,70,67,60,40,41,66,72,58,70,89,74,75,83,80,84,97,99,86,69,67,67,69,60,57,73,65,52,65,79,66,50,49,56,61,56,45,62,72,65,57,54,52,49,52,43,49,62,61,53,49,54,52,66,69,40,47,59,53,42,44,61,59,58,72,55,40,50,45,46,42,35,52,60,51,52,67,71,62,74,75,60,48,42,57,69,64,58,65,55,66,73,48,73,87,48,53,50,40,59,71,77,84,82,83,114,92,52,94,81,61,67,59,70,52,52,68,73,74,49,31,50,53,50,62,69,56,50,59,65,66,56,66,66,58,72,59,46,55,62,54,46,55,56,43,62,76,57,47,61,72,77,79,71,61,43,49,64,54,42,34,41,60,54,48,62,68,52,53,64,50,48,56,57,54,34,35,39,57,71,62,56,46,36,42,71,60,82,94,53,55,42,36,48,32,40,52,53,48,34,60,67,55,61,53,46,57,58,44,41,42,43,45,52,48,44,58,76,65,46,56,64,58,51
"gypsum2","gypsum",148,160,116,91,100,103,102,106,109,119,134,137,133,124,114,123,124,117,106,95,106,115,125,126,131,132,102,99,117,120,117,113,120,134,127,110,107,149,155,109,120,135,109,96,105,103,117,124,107,109,113,107,104,100,119,124,100,80,94,138,128,95,102,116,123,151,157,112,103,121,94,85,109,122,120,105,110,116,113,108,128,122,92,109,119,137,153,155,183,202,219,287,303,274,238,192,153,113,105,123,116,94,88,82,100,118,101,115,129,106,105,117,116,112,95,99,132,133,112,112,123,114,106,109,116,111,108,99,93,112,118,139,141,133,133,122,111,100,100,98,89,89,116,122,105,86,88,93,64,66,76,84,89,97,100,84,98,102,95,84,93,105,100,105,96,104,99,83,85,80,102,108,105,118,122,125,113,95,88,107,116,123,128,130,118,113,114,102,108,106,114,128,125,118,113,110,103,98,106,88,71,81,72,66,77,76,91,93,81,91,87,83,91,97,97,88,82,92,93,73,62,80,101,97,87,73,66,72,73,78,93,101,123,106,66,67,80,81,77,72,77,87,84,71,64,76,82,87,95,91,76,83,78,78,101,95,80,86,96,103,94,83,83,66,59,72,78,72,77,88,72,70,66,60,72,68,77,91,86,78,63,53,66,87,95,78,71,74,72,85,88,77,67,63,77,78,70,71,55,36,56,78,79,96,99,87,84,97,106,125,172,223,243,230,221,195,153,124,94,71,71,87,88,67,73,80,74,78,75,65,50,64,73,75,77,69,71,66,58,58,58,64,83,83,82,66,55,91,95,66,59,57,72,73,63,85,82,90,109,87,80,89,104,106,94,105,103,81,86,89,85,82,78,74,68,73,76,69,71,81,82,69,66,67,65,83,80,67,71,65,66,78,84,66,53,72,87,84,68,66,68,57,68,81,77,79,63,67,70,62,76,94,91,71,66,72,80,80,58,61,66,62,76,78,79,89,87,85,84,61,65,78,70,95,97,72,67,53,49,57,63,68,71,57,34,45,65,62,49,74,90,67,71,82,83,89,93,82,77,77,73,60,60,57,52,66,65,58,66,71,64,55,49,62,73,65,53,75,84,76,66,55,57,52,54,49,52,63,62,54,47,47,52,64,58,33,48,64,54,48,43,53,54,49,64,61,55,55,48,48,40,41,60,59,48,60,72,65,57,65,63,54,49,45,54,71,69,69,71,49,56,60,40,75,82,42,50,59,57,65,75,75,81,81,69,108,99,57,103,93,67,72,58,66,49,56,74,69,80,64,35,45,53,52,56,62,56,55,59,63,75,73,69,56,57,71,60,43,43,48,50,52,57,49,37,61,77,58,50,72,79,68,78,84,68,45,49,67,61,49,43,44,53,57,52,52,61,54,52,72,65,57,64,57,55,38,33,46,64,79,70,60,45,37,46,63,57,78,89,59,62,50,43,58,46,53,58,53,54,43,65,68,60,66,59,54,65,65,43,35,42,46,52,64,43,39,57,64,59,54,62,65,55,50
"gypsum3","gypsum",139,151,116,102,112,105,107,113,117,124,129,133,133,129,126,124,119,125,125,113,121,124,130,138,138,136,117,120,134,137,134,127,130,146,131,107,118,162,161,120,130,136,118,115,122,113,133,139,112,119,121,117,117,104,113,130,106,80,104,141,141,119,113,127,139,169,162,116,114,129,106,104,122,121,115,115,126,129,122,114,146,137,97,118,142,154,164,171,197,229,244,309,338,310,282,217,164,130,112,134,129,97,99,96,106,123,111,118,132,125,118,117,115,114,108,114,135,132,124,119,128,132,124,126,129,132,130,107,103,120,127,157,155,141,144,131,115,106,109,110,109,106,124,127,115,97,100,105,77,85,91,92,89,93,106,100,107,113,116,105,96,98,104,117,108,119,119,96,104,101,113,129,136,148,148,139,118,105,90,101,115,126,135,132,106,99,119,118,117,124,139,150,146,139,130,120,118,109,108,95,87,84,70,73,82,81,91,97,94,95,91,84,90,103,101,96,92,99,102,90,73,89,110,89,76,78,71,69,76,85,97,103,128,114,81,81,85,88,88,73,76,100,101,81,76,86,92,97,97,97,86,90,85,85,109,100,76,73,96,114,102,100,95,72,60,72,83,78,85,99,87,79,73,70,78,75,85,100,92,74,64,63,72,90,92,80,78,68,64,85,92,82,67,69,86,78,69,71,59,44,66,88,88,101,94,81,95,110,116,114,143,185,196,188,179,160,134,110,86,69,65,91,99,81,84,91,90,92,84,65,52,63,70,78,81,70,73,76,68,76,76,68,89,81,73,66,58,91,88,67,67,68,81,76,66,80,81,93,107,88,81,82,96,100,84,94,92,70,80,87,85,86,81,74,69,75,77,68,66,77,90,72,65,68,70,89,93,89,86,79,76,92,92,62,64,75,76,83,79,74,70,62,72,85,79,79,67,73,78,64,69,102,103,75,75,73,75,77,61,73,83,84,102,97,91,97,93,87,90,73,63,72,72,100,103,78,70,55,53,66,74,71,71,68,54,54,64,60,53,82,92,70,81,94,96,97,99,92,77,76,78,67,68,61,59,74,67,58,62,64,64,57,43,55,71,60,51,75,86,75,59,55,58,55,55,46,50,60,63,53,49,62,64,79,68,32,54,69,54,54,57,65,63,56,71,61,46,51,39,40,40,36,61,69,55,57,67,70,57,59,60,55,52,47,59,74,69,61,69,59,59,70,50,71,80,48,56,56,53,68,73,80,92,91,89,124,102,56,107,98,65,66,59,73,62,63,71,70,75,53,39,56,63,57,59,64,60,64,65,68,78,68,65,62,70,83,60,47,57,67,62,55,63,61,45,59,73,59,54,74,77,74,80,76,65,50,52,62,59,52,44,46,60,62,54,59,65,51,55,74,62,57,70,65,56,38,42,44,57,78,71,57,39,41,54,71,71,95,98,60,56,42,38,50,45,55,60,59,59,48,67,78,70,68,69,64,65,61,47,46,52,52,53,64,51,43,66,86,71,56,65,67,66,61
"gypsum4","gypsum",140,151,122,108,114,113,108,114,120,124,132,127,122,131,125,125,133,129,121,116,121,120,136,143,140,133,114,123,130,131,124,107,110,141,138,111,111,146,149,115,129,134,110,100,114,112,121,130,112,107,110,104,103,95,113,132,100,79,109,155,147,113,108,122,138,169,162,107,100,110,88,94,109,109,115,108,108,115,113,109,139,133,91,105,126,142,153,157,180,199,215,284,313,286,257,207,160,120,105,133,123,95,97,93,104,112,104,121,115,94,108,115,113,107,96,112,131,118,99,109,127,121,110,108,112,113,111,91,95,113,111,140,142,134,137,116,112,106,104,108,97,93,119,123,106,97,93,91,68,75,82,89,92,92,94,81,96,101,95,84,83,92,92,102,94,104,109,92,96,91,104,114,119,127,134,136,114,95,87,96,106,117,125,120,107,108,109,104,108,112,131,143,140,131,118,113,110,101,99,81,76,84,67,68,85,87,96,90,81,89,82,78,85,94,96,92,85,84,90,83,72,82,93,81,73,66,57,67,85,89,93,98,121,107,66,63,82,87,90,81,72,91,89,74,68,76,89,93,93,87,79,87,80,82,97,83,70,73,91,107,99,90,90,80,77,83,83,73,82,98,83,74,69,61,68,68,75,92,89,79,70,59,69,92,84,74,83,80,70,88,102,84,68,68,76,72,69,71,58,39,56,73,76,100,104,87,87,97,90,79,102,131,139,149,168,174,153,127,104,76,72,94,91,77,84,86,80,84,78,61,54,65,71,78,82,75,76,71,62,68,71,71,88,86,82,68,66,96,87,62,61,61,73,76,72,96,90,88,100,79,71,67,78,88,76,88,90,78,90,94,97,91,81,73,65,60,66,65,66,81,91,75,68,74,87,99,87,81,83,74,68,87,99,73,64,71,79,87,76,73,71,63,74,84,74,78,71,73,72,62,67,87,85,68,74,70,79,91,77,83,80,76,92,96,86,87,91,92,87,63,65,74,66,97,99,77,73,51,43,60,79,83,81,67,51,56,69,65,55,84,95,70,82,99,101,104,102,93,84,68,71,65,64,62,57,81,78,62,73,79,71,58,53,61,74,69,50,77,94,71,54,52,54,53,52,49,56,68,72,63,57,63,64,75,68,37,46,61,54,47,49,57,54,48,62,65,55,54,46,45,46,42,59,66,52,56,73,70,55,69,67,53,53,47,49,68,77,68,70,61,66,69,47,80,91,51,58,54,53,70,80,81,79,81,90,123,103,61,96,92,70,67,54,69,60,61,64,67,82,65,51,63,60,54,58,68,65,58,62,76,79,68,71,65,65,73,57,53,57,63,72,72,65,56,42,57,81,64,56,68,65,63,76,83,74,53,53,67,63,47,37,43,59,59,51,61,68,57,60,70,58,58,64,55,61,50,38,41,56,76,75,64,49,40,50,70,71,94,92,56,56,47,47,63,56,62,70,63,52,44,66,74,68,68,57,57,69,67,51,48,50,50,54,66,56,49,62,77,70,59,61,65,65,55
"gypsum5","gypsum",148,155,118,105,110,103,104,116,110,119,139,136,126,122,116,119,123,122,109,110,121,128,139,139,139,139,125,126,133,146,144,122,126,152,141,116,126,165,169,128,138,150,128,126,131,119,134,143,120,120,123,117,117,105,122,151,124,102,116,148,146,115,112,133,153,170,159,123,123,137,108,105,124,123,130,121,124,133,126,121,150,152,119,137,159,167,177,188,219,252,269,329,359,344,308,232,175,132,113,140,139,110,109,114,123,123,104,122,141,121,123,130,132,127,112,110,135,140,125,127,141,134,120,120,128,127,128,111,104,126,135,169,172,157,161,143,133,129,116,114,113,117,138,135,119,109,114,114,79,76,94,105,100,99,106,97,113,117,110,98,97,109,112,113,101,114,115,100,111,95,110,128,125,137,144,152,136,116,102,111,120,130,134,133,111,99,111,109,118,127,146,161,156,150,138,129,126,116,113,98,91,98,85,85,95,93,99,96,95,96,97,98,106,114,104,101,94,98,102,91,78,91,112,102,95,90,72,78,94,97,99,101,124,123,87,86,104,98,93,88,90,101,98,86,74,82,95,110,112,98,87,96,91,95,114,98,84,89,100,105,95,106,117,87,76,91,98,85,83,96,85,82,79,72,83,87,88,96,93,86,74,67,79,99,107,90,83,86,87,104,95,81,83,78,85,84,78,76,57,49,75,85,88,113,105,97,114,122,117,117,150,178,163,147,151,136,111,104,93,75,72,92,99,83,82,90,86,91,87,71,56,66,81,80,83,90,89,77,67,76,82,80,96,96,89,78,74,100,99,79,80,76,85,85,70,85,94,102,115,92,86,89,87,90,84,102,98,74,84,92,97,90,75,73,67,73,80,75,76,86,90,83,81,76,76,94,96,94,92,79,73,86,100,79,74,88,92,94,87,80,74,68,72,84,83,86,83,83,80,75,78,92,93,77,73,75,85,84,73,84,94,97,109,99,89,97,98,95,94,82,82,88,82,108,114,90,74,51,57,70,76,82,79,70,53,63,79,76,65,83,99,82,93,108,108,111,116,115,96,80,84,78,77,76,68,84,84,71,78,72,66,64,55,56,71,71,54,81,94,78,63,62,74,70,69,62,61,71,69,58,55,64,57,76,81,44,49,69,64,57,57,64,56,57,71,58,56,64,56,55,52,45,63,72,62,62,73,78,68,74,71,66,66,55,62,72,78,71,70,63,65,72,52,88,96,48,65,61,58,79,81,81,92,93,94,135,110,57,102,98,74,75,63,76,68,63,70,73,79,65,48,60,65,58,62,69,61,68,75,76,83,67,73,70,67,81,64,55,69,72,66,64,63,59,44,56,77,69,66,81,83,75,83,86,68,48,57,73,64,56,52,46,59,63,57,58,64,61,63,76,62,57,67,57,52,45,41,46,72,89,74,58,48,48,63,79,69,97,107,67,67,58,52,60,45,55,66,65,62,49,76,81,68,75,67,61,68,69,48,45,55,61,61,68,60,54,66,76,65,52,61,74,69,58
"marble1","marble",153,165,138,126,124,124,128,134,133,126,135,147,144,142,136,137,146,147,140,136,142,155,174,165,161,162,146,149,159,166,168,158,160,184,181,163,168,212,215,179,211,237,229,243,268,271,282,275,238,220,196,174,164,149,162,171,147,132,138,169,169,144,149,167,174,189,185,153,156,163,132,134,158,161,158,152,159,165,159,153,187,182,144,155,163,179,179,174,191,200,185,219,250,229,208,181,159,143,145,162,148,132,138,134,144,156,151,171,173,155,164,168,162,162,154,148,161,155,142,148,158,158,149,150,167,163,155,139,139,153,157,182,173,158,168,155,137,127,135,139,135,137,165,166,140,133,139,144,115,111,124,134,133,131,135,132,148,144,138,126,124,132,136,142,124,139,145,128,127,116,131,139,137,142,143,145,140,139,127,138,153,155,150,141,129,124,136,131,129,121,140,153,143,147,148,147,148,157,171,158,145,141,121,115,118,115,123,126,120,130,131,122,124,133,130,118,118,124,121,107,96,121,138,119,114,115,107,101,112,122,126,129,156,147,103,99,109,105,101,103,105,121,121,102,91,104,120,123,116,113,112,115,102,102,127,121,103,102,109,119,113,111,110,93,94,112,124,112,111,118,99,99,97,88,98,95,100,111,103,96,82,77,90,107,112,105,102,91,94,114,117,106,94,87,105,109,98,92,75,59,80,103,107,121,113,100,104,113,105,86,97,108,96,89,105,110,107,101,83,77,87,110,111,96,101,103,105,110,100,82,69,84,99,104,110,110,102,93,86,100,132,164,201,231,249,220,182,180,145,99,86,86,100,101,82,94,98,102,115,103,89,82,90,91,86,97,91,73,83,95,99,95,83,81,77,82,91,84,87,94,104,97,92,94,92,103,100,100,105,94,81,96,106,86,82,88,93,102,94,83,77,73,84,98,92,92,87,91,87,75,89,111,110,92,92,93,92,100,90,91,91,88,101,98,98,103,101,104,99,80,78,95,93,114,117,99,95,71,60,74,94,98,91,81,58,63,76,72,74,96,97,77,91,100,96,91,91,93,84,75,81,80,76,68,68,80,71,75,89,89,82,79,71,70,79,73,64,85,99,85,70,72,67,57,59,49,59,74,76,72,68,73,64,76,82,50,59,75,64,58,59,69,65,66,81,67,60,71,61,51,48,47,67,74,64,67,77,80,78,87,85,74,65,58,70,81,77,75,78,66,66,69,52,79,96,60,63,64,65,76,67,71,88,84,79,119,101,63,108,102,80,76,66,77,67,77,83,76,80,57,44,65,66,58,55,62,66,68,70,66,66,63,71,65,66,78,69,58,57,72,70,55,58,63,49,62,81,66,57,72,77,69,80,84,69,54,56,66,64,50,42,43,54,54,50,56,64,57,56,70,59,58,66,59,59,43,38,44,54,72,72,65,48,40,59,72,65,87,91,59,56,42,38,51,48,51,54,58,54,46,67,77,65,61,57,52,57,55,41,41,49,54,57,66,53,52,64,71,69,60,66,75,70,53
"marble2","marble",130,152,127,113,112,111,113,107,94,100,120,129,128,118,112,121,122,122,114,103,113,122,133,135,132,121,105,118,128,130,124,113,122,138,132,123,130,167,169,136,158,189,199,204,224,240,261,251,201,178,163,141,127,105,116,130,98,82,101,141,138,101,96,116,130,137,131,100,101,122,94,90,113,111,113,102,107,118,103,97,130,124,88,106,120,123,126,128,141,140,134,181,202,189,172,135,111,92,97,130,119,87,93,98,102,111,102,113,122,102,108,115,111,114,104,106,119,109,91,90,109,113,98,94,107,104,102,94,88,106,109,132,136,120,115,103,102,100,101,101,97,100,126,122,95,85,90,93,69,69,74,81,86,86,87,80,95,101,93,84,85,91,87,91,86,100,96,78,84,75,88,94,88,106,115,117,107,92,81,90,108,113,105,108,96,86,96,95,95,89,101,111,109,113,114,120,125,127,132,116,99,101,84,80,88,84,93,92,86,87,80,79,88,89,85,80,78,93,94,77,66,87,110,93,80,78,69,65,74,86,90,97,119,109,77,60,71,79,82,74,65,82,81,68,65,73,77,79,84,79,63,73,70,67,88,82,73,76,79,85,77,76,82,67,59,70,72,70,79,85,71,78,74,54,64,67,73,85,78,67,61,55,61,77,81,77,78,70,68,89,93,79,66,64,73,69,62,64,48,31,57,77,78,88,84,74,72,76,68,50,59,73,69,69,88,88,74,75,64,49,53,77,85,74,77,72,74,87,79,62,47,54,72,79,71,68,73,69,64,81,108,140,192,210,211,187,153,153,123,88,69,55,67,69,59,80,77,81,101,79,67,67,69,72,61,77,81,56,66,78,78,66,57,64,56,57,65,55,59,70,79,67,61,64,64,89,89,75,80,74,65,74,83,72,63,66,73,85,75,67,68,50,60,76,68,73,66,65,61,53,66,89,89,71,70,68,75,80,65,66,73,68,76,80,83,87,88,92,88,64,64,75,68,92,92,77,69,51,46,53,67,73,70,60,39,40,58,61,50,72,88,76,81,79,80,79,75,85,82,64,67,64,63,59,56,70,64,63,79,77,69,60,46,54,71,62,39,60,78,69,58,54,52,44,44,41,43,50,54,54,56,57,50,61,60,37,49,59,50,45,44,55,60,57,61,54,44,49,40,39,37,34,53,54,46,53,69,70,53,63,60,49,54,48,53,69,71,57,59,54,54,61,52,79,81,44,47,45,41,50,53,65,77,63,60,106,94,51,94,90,64,68,58,68,59,60,59,63,79,56,35,51,58,56,59,56,56,58,55,66,70,56,58,56,55,60,54,48,53,61,55,54,54,48,41,57,68,58,56,65,70,67,78,80,64,43,49,60,50,42,39,38,53,56,44,47,49,44,53,62,50,49,60,52,47,32,31,38,54,71,70,57,37,32,43,59,58,78,84,60,55,35,34,56,43,45,58,58,54,45,66,71,54,53,49,46,56,59,48,46,46,44,46,58,52,48,60,66,57,48,56,61,50,45
"marble3","marble",146,160,139,139,144,126,126,133,127,130,136,148,150,150,143,149,160,156,145,139,145,149,162,158,159,157,131,147,168,176,174,159,161,179,173,154,157,201,209,179,196,213,214,223,249,270,289,270,229,210,193,172,163,149,150,155,131,118,135,164,158,142,143,154,171,187,177,146,152,160,123,128,151,155,160,151,158,164,155,142,164,165,134,142,157,163,166,167,168,168,164,205,217,202,192,163,148,133,139,177,161,125,134,140,147,149,132,146,159,147,156,163,145,138,137,145,161,147,136,147,159,148,143,155,156,146,144,139,136,144,149,165,166,157,146,140,141,136,136,134,134,136,159,157,139,128,129,135,102,103,119,133,130,133,139,122,132,136,136,127,130,139,128,127,121,131,133,125,125,118,133,132,131,143,141,138,128,124,126,133,138,153,152,131,124,127,130,126,126,122,135,141,135,144,144,143,150,153,158,142,127,127,113,105,111,115,122,120,113,117,118,116,122,129,125,115,111,114,112,116,102,107,131,121,108,103,97,94,104,115,120,127,150,135,95,91,110,113,110,103,99,117,119,101,98,109,110,115,120,112,99,107,100,91,113,110,98,99,106,118,109,114,112,88,96,111,116,106,100,114,103,99,90,81,97,98,97,106,99,93,85,72,86,105,105,99,104,106,100,111,115,103,96,90,95,98,99,97,78,60,76,104,105,114,109,92,98,107,99,88,99,106,92,88,100,98,95,94,83,71,74,108,118,93,93,101,107,109,93,76,68,74,81,88,99,95,93,91,84,103,124,152,200,224,232,215,187,178,147,113,97,88,92,87,85,102,94,99,108,89,90,88,95,96,76,96,102,75,81,98,101,106,99,77,76,85,92,88,80,83,94,85,81,83,86,101,100,95,101,96,82,95,101,76,78,97,102,100,88,87,88,78,85,101,91,85,84,94,91,79,82,106,105,86,94,93,95,99,81,79,79,83,92,86,94,103,97,98,100,86,89,94,92,123,123,99,85,61,60,73,87,90,81,75,56,63,81,75,70,92,99,77,86,94,88,85,84,87,86,75,82,83,82,75,71,83,81,77,83,84,76,68,62,73,86,75,62,87,94,79,69,65,69,66,68,65,71,76,78,75,70,73,69,84,79,49,63,78,70,59,62,74,70,68,83,69,51,66,59,59,60,52,74,73,63,73,80,82,70,82,81,67,74,65,73,85,79,79,82,65,67,79,62,94,100,59,71,69,64,75,75,78,82,76,81,116,96,67,114,103,80,82,69,81,74,73,80,81,82,63,53,67,70,66,67,74,68,68,78,81,82,62,70,75,71,81,59,53,64,70,70,60,62,65,55,68,89,73,58,72,70,65,79,83,74,64,64,68,61,56,51,51,65,64,62,59,59,57,66,78,66,66,73,65,63,45,40,44,61,84,83,69,50,45,51,74,70,87,95,62,59,39,41,62,48,56,66,64,60,47,74,77,59,63,60,56,62,65,48,45,51,53,65,73,56,50,65,79,70,53,63,76,68,61
"marble4","marble",163,184,162,146,144,139,141,154,153,164,179,179,178,184,182,184,204,206,186,192,199,202,222,221,228,231,209,208,225,238,229,219,228,242,234,220,231,281,282,237,255,267,255,271,286,284,298,293,268,257,244,237,229,211,226,244,209,176,205,241,236,214,211,226,234,258,253,211,215,231,206,211,229,232,239,233,241,242,236,234,265,264,228,235,236,237,235,241,248,245,238,279,290,266,259,237,218,207,214,244,233,201,210,216,230,240,223,234,239,221,227,243,240,236,224,221,239,234,220,217,229,232,219,224,238,233,237,223,204,224,239,255,245,232,235,216,214,220,215,214,221,220,232,224,206,206,209,202,176,181,194,204,200,204,207,190,203,207,206,201,194,201,203,204,188,199,210,195,197,186,193,196,199,206,209,225,209,195,187,188,205,216,216,210,195,187,198,205,198,181,191,205,203,203,199,208,212,206,213,203,194,192,178,183,187,183,189,187,182,184,189,184,187,190,179,168,173,183,177,165,151,163,180,174,165,156,148,156,161,161,172,179,204,201,164,156,163,169,175,159,147,172,181,158,145,158,163,161,159,166,164,165,162,163,174,165,162,159,160,166,156,155,159,145,133,144,152,141,150,166,151,142,142,135,139,142,144,157,145,133,130,124,134,154,162,141,134,138,139,157,159,136,127,133,148,149,137,133,113,102,122,136,139,159,158,139,141,142,144,131,140,155,138,132,150,155,153,147,128,114,119,144,148,137,142,138,135,144,135,120,107,122,134,134,132,137,142,125,114,129,142,165,205,206,205,195,174,187,162,126,127,121,132,134,119,135,139,145,157,135,122,121,130,128,118,135,136,118,117,125,133,131,125,118,109,111,115,111,118,134,138,122,123,120,115,133,131,127,128,119,111,123,134,116,110,114,121,131,114,107,109,107,125,128,117,125,115,119,122,108,112,139,143,126,121,122,128,121,112,117,112,104,122,127,116,118,130,138,128,114,114,119,117,138,135,121,118,91,90,105,112,116,111,102,94,98,106,97,88,112,124,104,116,120,105,112,116,115,114,101,106,108,103,98,103,116,103,96,112,117,106,95,90,99,110,100,83,102,116,112,100,91,98,101,99,89,85,94,95,87,85,92,91,105,104,71,79,97,95,93,84,91,92,89,104,94,82,85,69,72,71,61,86,91,80,83,92,98,94,101,91,84,87,75,84,101,98,94,102,88,86,87,70,114,126,80,83,81,82,96,89,95,100,92,99,139,120,87,131,120,97,105,92,99,93,93,98,98,106,82,68,87,86,89,90,81,71,74,81,89,98,91,92,85,82,94,83,71,74,85,89,75,74,77,66,79,94,83,77,90,91,90,106,108,91,73,78,82,70,70,69,67,84,86,72,68,75,70,73,94,79,76,88,74,77,63,56,61,80,91,80,74,63,57,65,87,77,97,110,76,77,62,49,61,60,65,75,75,67,61,86,90,77,78,73,83,91,83,60,53,64,64,67,77,62,61,74,86,82,66,71,84,79,69
"marble5","marble",165,188,168,146,150,145,143,147,148,155,167,172,164,165,172,185,185,187,182,167,173,186,202,199,199,200,176,185,211,208,203,209,211,219,220,209,212,255,261,230,257,283,285,306,336,335,341,336,300,270,248,227,215,204,204,212,184,160,180,214,205,177,176,192,202,227,232,195,188,200,177,176,192,198,202,193,198,202,204,198,222,224,197,203,207,213,209,209,219,213,204,248,266,247,239,215,191,179,187,212,206,179,177,189,199,200,190,206,213,192,199,206,204,198,183,186,206,209,193,194,207,201,191,192,195,199,198,176,171,192,199,219,217,205,201,184,185,186,182,183,178,175,197,197,182,177,177,177,149,144,153,161,163,172,175,154,168,181,175,165,163,164,166,175,163,175,177,170,179,154,157,171,166,172,178,178,166,160,154,168,178,184,186,181,163,160,172,166,164,149,155,170,173,186,192,195,197,198,206,198,179,174,165,156,158,151,157,155,148,159,160,158,165,167,160,151,153,154,146,144,136,150,164,149,149,144,128,126,139,148,153,163,183,172,136,140,150,137,137,133,128,148,153,139,133,137,145,154,146,142,134,132,128,134,155,147,133,133,142,146,142,145,149,131,120,127,139,134,137,146,135,133,123,113,118,121,132,145,135,123,114,108,121,136,137,130,131,119,127,151,142,130,120,117,132,129,120,123,111,95,113,136,136,147,142,125,125,131,126,106,119,138,131,119,131,143,136,133,122,104,103,135,144,123,121,123,122,127,123,113,91,98,119,126,126,122,123,116,110,136,161,198,264,289,295,277,239,221,178,136,121,111,121,115,101,120,117,127,153,133,112,109,112,117,110,123,121,101,114,120,125,130,125,118,109,108,108,101,105,117,120,103,108,113,106,122,130,126,124,121,113,114,122,110,102,114,119,126,119,113,112,99,111,126,116,119,113,111,115,103,99,120,121,106,110,111,123,128,108,108,112,109,113,104,101,114,127,130,123,109,104,115,123,142,139,115,103,80,78,97,108,111,111,98,73,79,98,95,86,115,132,105,111,120,107,102,108,110,108,102,99,95,101,98,91,100,97,94,105,108,102,94,82,85,96,93,83,107,121,106,85,81,86,84,86,81,84,92,91,84,84,90,85,100,94,61,78,96,85,79,83,89,84,83,98,94,84,82,73,74,68,59,85,92,77,83,93,91,80,94,95,81,76,71,83,93,94,92,96,84,86,92,70,99,108,68,78,83,76,83,87,91,96,93,94,132,122,78,118,114,93,98,90,98,82,86,98,94,93,74,64,79,85,80,78,85,83,81,88,95,97,88,87,75,84,104,89,72,77,86,84,81,80,78,70,82,96,81,73,87,93,97,106,102,90,74,77,89,80,68,61,67,81,79,73,79,83,71,71,89,80,78,88,83,81,61,57,59,74,87,83,79,62,55,66,87,78,93,108,79,79,64,57,68,53,60,73,75,69,59,81,87,77,78,70,70,82,80,65,64,62,62,71,83,66,58,72,90,84,65,65,75,73,62
